1,2019-02-28 03:17:33 -0800 PST,0s,100000000000000000000,test,0x2ce9006c7905576f3bC6cB26EDc0Bc31eFEB733b,true
2,2019-02-28 03:28:28 -0800 PST,0s,100000000000000000000,,0x2ce9006c7905576f3bC6cB26EDc0Bc31eFEB733b,true
3,2019-02-28 10:27:27 -0800 PST,168h0m0s,1000000000000000000000,,0x3Ec9e1523DE3d7f775a18A30abf5DD0C2087E626,false
4,2019-02-28 10:33:58 -0800 PST,168h0m0s,2000000000000000000000,,0xfe7BCb3676aaBe9A6b39cB23F3a5FA41eED7Ad1b,false
5,2019-02-28 11:07:14 -0800 PST,168h0m0s,4000000000000000000000,,0xfe7BCb3676aaBe9A6b39cB23F3a5FA41eED7Ad1b,false
6,2019-02-28 11:08:55 -0800 PST,168h0m0s,8000000000000000000000,,0xfe7BCb3676aaBe9A6b39cB23F3a5FA41eED7Ad1b,false
7,2019-02-28 11:10:12 -0800 PST,168h0m0s,16000000000000000000000,,0xfe7BCb3676aaBe9A6b39cB23F3a5FA41eED7Ad1b,false
8,2019-02-28 11:11:01 -0800 PST,168h0m0s,16000000000000000000000,,0xfe7BCb3676aaBe9A6b39cB23F3a5FA41eED7Ad1b,false
9,2019-02-28 11:12:52 -0800 PST,168h0m0s,16000000000000000000000,,0xfe7BCb3676aaBe9A6b39cB23F3a5FA41eED7Ad1b,false
10,2019-02-28 11:13:45 -0800 PST,168h0m0s,16000000000000000000000,,0xfe7BCb3676aaBe9A6b39cB23F3a5FA41eED7Ad1b,false
11,2019-02-28 11:15:25 -0800 PST,168h0m0s,1000000000000000000000,,0x2ce9006c7905576f3bC6cB26EDc0Bc31eFEB733b,false
12,2019-03-08 12:09:29 -0800 PST,672h0m0s,4800000000000000000000000,droute,0x46aBbc9fc9d8E749746B00865BC2Cf7C4d85C837,false
13,2019-03-08 12:09:40 -0800 PST,672h0m0s,3600000000000000000000000,droute,0x46aBbc9fc9d8E749746B00865BC2Cf7C4d85C837,false
14,2019-03-08 12:04:59 -0800 PST,672h0m0s,3600000000000000000000000,droute,0x46aBbc9fc9d8E749746B00865BC2Cf7C4d85C837,false
15,2019-02-28 11:47:23 -0800 PST,0s,7680000000000000000000000,,0x8bB37Aa4817A69bE7965b5FDA22eccAEd6F4453C,true
16,2019-02-28 11:49:43 -0800 PST,168h0m0s,7680000000000000000000000,,0x8bB37Aa4817A69bE7965b5FDA22eccAEd6F4453C,true
17,2019-02-28 11:53:29 -0800 PST,336h0m0s,3840000000000000000000000,,0x8bB37Aa4817A69bE7965b5FDA22eccAEd6F4453C,true
18,2019-02-28 11:58:07 -0800 PST,0s,4800000000000000000000000,,0x8bB37Aa4817A69bE7965b5FDA22eccAEd6F4453C,true
19,2019-02-28 11:59:15 -0800 PST,168h0m0s,3600000000000000000000000,,0x8bB37Aa4817A69bE7965b5FDA22eccAEd6F4453C,true
20,2019-02-28 11:59:28 -0800 PST,336h0m0s,3600000000000000000000000,,0x8bB37Aa4817A69bE7965b5FDA22eccAEd6F4453C,true
21,2019-02-28 12:27:41 -0800 PST,168h0m0s,100000000000000000000,,0xfe7BCb3676aaBe9A6b39cB23F3a5FA41eED7Ad1b,true
22,2019-02-28 12:34:06 -0800 PST,168h0m0s,205000000000000000000,,0xfe7BCb3676aaBe9A6b39cB23F3a5FA41eED7Ad1b,true
24,2019-02-28 12:45:13 -0800 PST,168h0m0s,102000000000000000000,infstones,0xfe7BCb3676aaBe9A6b39cB23F3a5FA41eED7Ad1b,true
25,2019-02-28 12:46:06 -0800 PST,336h0m0s,103000000000000000000,,0xfe7BCb3676aaBe9A6b39cB23F3a5FA41eED7Ad1b,true
26,2019-02-28 12:48:25 -0800 PST,0s,400000000000000000000000,,0x07A94B116E1f6A67f9Fc6A288532Db335868ba4d,true
27,2019-02-28 12:49:07 -0800 PST,168h0m0s,300000000000000000000000,,0x07A94B116E1f6A67f9Fc6A288532Db335868ba4d,true
28,2019-02-28 12:49:40 -0800 PST,336h0m0s,300000000000000000000000,,0x07A94B116E1f6A67f9Fc6A288532Db335868ba4d,true
29,2019-02-28 12:54:27 -0800 PST,0s,400000000000000000000000,,0x294Efa57cB8C5b0299980D8f1eE5F373Bd44a66d,true
30,2019-02-28 12:55:17 -0800 PST,168h0m0s,300000000000000000000000,,0x294Efa57cB8C5b0299980D8f1eE5F373Bd44a66d,true
31,2019-02-28 12:55:43 -0800 PST,336h0m0s,300000000000000000000000,,0x294Efa57cB8C5b0299980D8f1eE5F373Bd44a66d,true
32,2019-02-28 13:00:19 -0800 PST,0s,400000000000000000000000,,0xfe7BCb3676aaBe9A6b39cB23F3a5FA41eED7Ad1b,true
33,2019-02-28 13:01:02 -0800 PST,168h0m0s,300000000000000000000000,,0x69C870AE6729c2662b00a42FCB8d9AA98a9c3E30,true
34,2019-02-28 13:01:28 -0800 PST,336h0m0s,300000000000000000000000,,0x69C870AE6729c2662b00a42FCB8d9AA98a9c3E30,true
37,2019-03-12 19:41:58 -0700 PDT,5040h0m0s,2160000000000000000000000,blockvc,0x839E60C3e6bcF714B00720746E9bBF9a3148a3ad,false
38,2019-02-28 13:11:53 -0800 PST,0s,960000000000000000000000,,0x69D696197bf3469D91E633f8676E3726533C5484,true
39,2019-02-28 13:12:12 -0800 PST,168h0m0s,720000000000000000000000,,0x69D696197bf3469D91E633f8676E3726533C5484,true
40,2019-02-28 13:13:00 -0800 PST,336h0m0s,720000000000000000000000,,0x69D696197bf3469D91E633f8676E3726533C5484,true
44,2019-02-28 13:22:39 -0800 PST,0s,4800000000000000000000000,,0x886b981Edfb7e8DDc2fAf9b8E2a05FF0955c094F,true
45,2019-02-28 13:23:07 -0800 PST,168h0m0s,3600000000000000000000000,,0x886b981Edfb7e8DDc2fAf9b8E2a05FF0955c094F,true
46,2019-02-28 13:23:39 -0800 PST,336h0m0s,3600000000000000000000000,,0x886b981Edfb7e8DDc2fAf9b8E2a05FF0955c094F,true
51,2019-03-14 22:33:21 -0700 PDT,168h0m0s,3600000000000000000000000,cobo,0x0049FAB7f5dD1F26F057BD5d972Ffc6ba3c349Dd,true
52,2019-02-28 13:40:19 -0800 PST,336h0m0s,3600000000000000000000000,droute,0x0049FAB7f5dD1F26F057BD5d972Ffc6ba3c349Dd,true
54,2019-03-06 19:07:31 -0800 PST,2016h0m0s,3600000000000000000000000,zhcapital,0x2990968B2f60fB5116544850FC7C730638Ad7827,false
55,2019-03-06 19:07:56 -0800 PST,2016h0m0s,3600000000000000000000000,zhcapital,0x2990968B2f60fB5116544850FC7C730638Ad7827,false
56,2019-03-07 20:57:38 -0800 PST,336h0m0s,4800000000000000000000000,,0xE5C7716f9C508d008Ac2AFbED03E44Aaa6268331,false
57,2019-03-07 20:51:47 -0800 PST,336h0m0s,3600000000000000000000000,,0xE5C7716f9C508d008Ac2AFbED03E44Aaa6268331,false
58,2019-03-07 20:48:33 -0800 PST,336h0m0s,3600000000000000000000000,,0xE5C7716f9C508d008Ac2AFbED03E44Aaa6268331,false
59,2019-02-28 14:15:34 -0800 PST,0s,4800000000000000000000000,,0xA836569dEF9051bDF0766Ca901559a3E2375F792,true
60,2019-02-28 14:16:25 -0800 PST,168h0m0s,3600000000000000000000000,,0xA836569dEF9051bDF0766Ca901559a3E2375F792,true
61,2019-02-28 14:17:21 -0800 PST,336h0m0s,3600000000000000000000000,,0xA836569dEF9051bDF0766Ca901559a3E2375F792,true
62,2019-03-06 08:43:15 -0800 PST,8400h0m0s,9600000000000000000000000,yvalidator,0xAF8c006965bEC0C4a725DC32F586BDe34e72A60b,false
63,2019-03-06 08:43:15 -0800 PST,8400h0m0s,7200000000000000000000000,yvalidator,0xAF8c006965bEC0C4a725DC32F586BDe34e72A60b,false
64,2019-03-06 08:43:53 -0800 PST,8400h0m0s,7200000000000000000000000,yvalidator,0xAF8c006965bEC0C4a725DC32F586BDe34e72A60b,false
67,2019-02-28 14:41:46 -0800 PST,336h0m0s,7200000000000000000000000,iosg,0xBc825E9E031c21356b2006e52E9C77EB280f76DF,true
68,2019-02-28 14:46:54 -0800 PST,0s,9600000000000000000000000,,0x4EfE32eCd78036d1F9b8fCA8cCcE7Ab973B4db52,true
69,2019-02-28 14:47:36 -0800 PST,168h0m0s,7200000000000000000000000,,0x4EfE32eCd78036d1F9b8fCA8cCcE7Ab973B4db52,true
70,2019-02-28 14:48:25 -0800 PST,336h0m0s,7200000000000000000000000,,0x4EfE32eCd78036d1F9b8fCA8cCcE7Ab973B4db52,true
71,2019-03-15 17:26:38 -0700 PDT,504h0m0s,7200000000000000000000000,preangel,0x87899913c45f33041E198c26C9dc0A3C4856e813,true
72,2019-03-13 18:06:43 -0700 PDT,8400h0m0s,5400000000000000000000000,preangel,0x87899913c45f33041E198c26C9dc0A3C4856e813,true
73,2019-03-13 18:19:02 -0700 PDT,8400h0m0s,5400000000000000000000000,preangel,0x87899913c45f33041E198c26C9dc0A3C4856e813,true
80,2019-02-28 15:10:59 -0800 PST,336h0m0s,9360000000000000000000000,hashbuy,0xa7b5400973EE73d360F4aDC88a011D7Be388FD64,true
85,2019-02-28 15:27:56 -0800 PST,336h0m0s,4349250000000000000000000,iosg,0x85Ac9E682995ebeBDE8fF107fbBbfe7C40992E4A,true
88,2019-02-28 15:34:27 -0800 PST,336h0m0s,3600000000000000000000000,,0x2A29208397F5b2da11Df8320b767eE9249282CC4,true
91,2019-02-28 15:39:06 -0800 PST,336h0m0s,3600000000000000000000000,,0xA73113cc65C6b9eEdB21Aa93103Cf6f942571310,true
97,2019-02-28 16:01:44 -0800 PST,336h0m0s,5040000000000000000000000,meter,0xBc692b5cff947C3Bf86C170cb6B6F03edc41C912,true
100,2019-02-28 16:24:10 -0800 PST,336h0m0s,4320000000000000000000000,iosg,0xeef5A1F6cEd7E72d0c52f342fa1cB6e8cC5fd9A9,true
101,2019-02-28 16:28:01 -0800 PST,0s,3840000000000000000000000,,0x8613D92CE942A92ad898c38d25E5DbB7bc5cB206,true
102,2019-02-28 16:29:11 -0800 PST,168h0m0s,2880000000000000000000000,,0x8613D92CE942A92ad898c38d25E5DbB7bc5cB206,true
103,2019-02-28 16:30:00 -0800 PST,336h0m0s,2880000000000000000000000,,0x8613D92CE942A92ad898c38d25E5DbB7bc5cB206,true
106,2019-02-28 16:36:08 -0800 PST,336h0m0s,3600000000000000000000000,,0x5d09F2AAFfe61C16985F7B5E96F35D764ea1929c,true
113,2019-02-28 17:20:03 -0800 PST,0s,4800000000000000000000000,,0x473d9092727a5a26B09Eb8D0a5BF8cDad5E59c0b,true
114,2019-02-28 17:21:15 -0800 PST,168h0m0s,3600000000000000000000000,,0x473d9092727a5a26B09Eb8D0a5BF8cDad5E59c0b,true
116,2019-02-28 17:29:50 -0800 PST,336h0m0s,1200000000000000000000000,,0x473d9092727a5a26B09Eb8D0a5BF8cDad5E59c0b,true
117,2019-02-28 17:33:33 -0800 PST,0s,2400000000000000000000000,,0x1E48dC4634D748D2f69f505F6ff943bE97224311,true
118,2019-02-28 17:34:03 -0800 PST,168h0m0s,1800000000000000000000000,,0x1E48dC4634D748D2f69f505F6ff943bE97224311,true
119,2019-02-28 17:34:49 -0800 PST,336h0m0s,1800000000000000000000000,,0x1E48dC4634D748D2f69f505F6ff943bE97224311,true
122,2019-02-28 17:47:27 -0800 PST,336h0m0s,720000000000000000000000,zhcapital,0xde6635f0618A05696Ecb5A1ca85050bB14aa36a7,true
123,2019-02-28 17:50:49 -0800 PST,0s,720000000000000000000000,,0x01C4824B2beAe59baEDD05524B81911f2e7C5EA3,true
124,2019-02-28 17:51:09 -0800 PST,168h0m0s,540000000000000000000000,,0x01C4824B2beAe59baEDD05524B81911f2e7C5EA3,true
125,2019-02-28 17:52:34 -0800 PST,336h0m0s,540000000000000000000000,,0x01C4824B2beAe59baEDD05524B81911f2e7C5EA3,true
126,2019-02-28 18:05:22 -0800 PST,0s,600000000000000000000000,,0x8e36DD825390f40EF8bec7a722BFcECF7E05086b,true
127,2019-02-28 18:06:21 -0800 PST,168h0m0s,600000000000000000000000,,0x8e36DD825390f40EF8bec7a722BFcECF7E05086b,true
128,2019-02-28 18:07:24 -0800 PST,0s,600000000000000000000000,,0xf8cCee9130266084513ac5B7FD35F4D1C78a4542,true
129,2019-02-28 18:07:58 -0800 PST,168h0m0s,600000000000000000000000,,0xf8cCee9130266084513ac5B7FD35F4D1C78a4542,true
130,2019-02-28 18:19:47 -0800 PST,0s,600000000000000000000000,,0x828f5Ac8B268c90642a3E980b51aCA0448324AFE,true
131,2019-02-28 18:20:15 -0800 PST,168h0m0s,600000000000000000000000,,0x828f5Ac8B268c90642a3E980b51aCA0448324AFE,true
132,2019-03-09 02:11:31 -0800 PST,168h0m0s,600000000000000000000000,,0x9BA773a21a2A222466a2470D5C4a6C306181FBAC,false
133,2019-03-09 02:12:36 -0800 PST,168h0m0s,600000000000000000000000,,0x9BA773a21a2A222466a2470D5C4a6C306181FBAC,false
134,2019-02-28 18:23:28 -0800 PST,0s,600000000000000000000000,,0xa6381aE10A40EDE419e726dF49c37cE2cA1bd238,true
135,2019-02-28 18:24:15 -0800 PST,168h0m0s,600000000000000000000000,,0xa6381aE10A40EDE419e726dF49c37cE2cA1bd238,true
137,2019-03-12 06:20:40 -0700 PDT,2016h0m0s,600000000000000000000000,infstones,0xa7Fe0E2ad54280e8C92937F61d99d5e4e746C969,false
138,2019-02-28 18:36:12 -0800 PST,0s,560000000000000000000000,,0x87486B20aF5f50CC7b358A55049fF32AE9f7932C,true
139,2019-02-28 18:37:02 -0800 PST,0s,500000000000000000000000,,0xf2cC531f6288eeFDb269a5cc5AB8C0B9C7AD2aA2,true
141,2019-02-28 18:39:59 -0800 PST,0s,240000000000000000000000,,0xEa09e2Bca0550f731f500B566b2EFba98158e370,true
142,2019-02-28 18:40:22 -0800 PST,0s,240000000000000000000000,,0x47b0A2e4DEBe1A22Be7771D176d63AD71FF6C770,true
143,2019-02-28 18:40:59 -0800 PST,0s,200000000000000000000000,,0x0B28755a92D2183e608Da0A6278012314FA487e4,true
144,2019-02-28 21:26:19 -0800 PST,0s,200000000000000000000000,,0xE4085acE4ed5fF9Fae83eC832280d5952debdFe9,true
145,2019-02-28 23:29:02 -0800 PST,0s,100000000000000000000,test,0x8Bd337c05768C4a3Aa268A1f35Bf054e508a0C1E,true
146,2019-03-13 09:42:19 -0700 PDT,2016h0m0s,800000000000000000000000,infstones,0xa7Fe0E2ad54280e8C92937F61d99d5e4e746C969,false
148,2019-03-13 17:26:28 -0700 PDT,0s,2160000000000000000000000,,0x6682f5a2dCaB39Bc8526348baDE44BEB41F27eEC,true
149,2019-03-01 11:03:01 -0800 PST,336h0m0s,2160000000000000000000000,,0x6682f5a2dCaB39Bc8526348baDE44BEB41F27eEC,true
152,2019-03-01 11:08:43 -0800 PST,336h0m0s,4320000000000000000000000,,0x609c4C3b56586444cbfc28CC01cfE828716EbC09,true
157,2019-03-04 07:57:59 -0800 PST,336h0m0s,360000000000000000000000,,0xD2550272336A5622570BA2b85f12b43EA7aCb2A9,true
158,2019-03-04 08:33:07 -0800 PST,0s,7680000000000000000000000,,0x9bcAcbff4562fCE61aFf58e265beaB8e1c5B3405,true
159,2019-03-12 01:52:08 -0700 PDT,2184h0m0s,5760000000000000000000000,royalland,0x9bcAcbff4562fCE61aFf58e265beaB8e1c5B3405,false
160,2019-03-12 01:48:02 -0700 PDT,2184h0m0s,5760000000000000000000000,royalland,0x9bcAcbff4562fCE61aFf58e265beaB8e1c5B3405,true
161,2019-03-11 21:51:25 -0700 PDT,8400h0m0s,4512000000000000000000000,royalland,0x911C19846fD8197fA033395A3e3dEcD11368C333,true
162,2019-03-11 21:52:07 -0700 PDT,8400h0m0s,3384000000000000000000000,royalland,0x911C19846fD8197fA033395A3e3dEcD11368C333,true
163,2019-03-04 08:46:23 -0800 PST,336h0m0s,3384000000000000000000000,royalland,0x911C19846fD8197fA033395A3e3dEcD11368C333,true
165,2019-03-04 09:02:16 -0800 PST,168h0m0s,3816000000000000000000000,,0x5102D0A855Bf5F0e72c06B311516c53e8e6D638A,true
166,2019-03-04 09:03:12 -0800 PST,336h0m0s,3816000000000000000000000,royalland,0x5102D0A855Bf5F0e72c06B311516c53e8e6D638A,true
167,2019-03-06 16:07:38 -0800 PST,672h0m0s,1000000000000000000000,raketat8,0x2Ed3767CfCBCEb42ff5F3642d4DF6f851B947073,true
168,2019-03-05 00:14:04 -0800 PST,168h0m0s,1000000000000000000000,iotxplorerio,0x21C00d743F4405B2236940D2aBE64C55CfF7d4e3,true
169,2019-03-05 00:17:02 -0800 PST,1176h0m0s,2000000000000000000000,iotxplorerio,0xb4b4aebf8e6F1A46c331706ad544188E4975f6bb,true
170,2019-03-05 00:35:39 -0800 PST,8400h0m0s,450000000000000000000,,0x41Ae6E47334CFED0501e9D448e2344613b16Bc9D,true
171,2019-03-06 09:39:53 -0800 PST,672h0m0s,22300000000000000000000,iotexlab,0xBE5183fc1f7F514e5c8Aa3AABdF4b759fC78CACd,false
172,2019-03-15 01:07:20 -0700 PDT,336h0m0s,10000000000000000000000,iotexteam,0xE16d79BC05455fB4E3A56DEC88D1A338d6D6C354,true
173,2019-03-05 00:59:00 -0800 PST,336h0m0s,10000000000000000000000,iotexmainnet,0xE16d79BC05455fB4E3A56DEC88D1A338d6D6C354,true
174,2019-03-05 01:07:52 -0800 PST,504h0m0s,10000000000000000000000,yvalidator,0xE16d79BC05455fB4E3A56DEC88D1A338d6D6C354,true
175,2019-03-05 01:10:05 -0800 PST,672h0m0s,205263000000000000000000,zhcapital,0xbF7b5B02aB8e2485EAA1DC57D6336e7b3da34923,true
176,2019-03-11 01:20:38 -0700 PDT,840h0m0s,100000000000000000000000,iotexlab,0x3359D3FD20bBCf7531d9Ad40f1d0DE5bf27aca70,false
177,2019-03-05 01:14:18 -0800 PST,840h0m0s,13450000000000000000000,iotexlab,0x0095B77ceB0178AAa38DC14a13C95a902d021BED,true
178,2019-03-05 01:21:19 -0800 PST,672h0m0s,10000000000000000000000,iotexlab,0x40Ae9CD1cf01B05eBDA2D3a089064496ecC523A2,true
179,2019-03-12 03:06:42 -0700 PDT,672h0m0s,20000000000000000000000,consensusnet,0x40Ae9CD1cf01B05eBDA2D3a089064496ecC523A2,false
180,2019-03-05 04:22:25 -0800 PST,8400h0m0s,2500000000000000000000,iotexmainnet,0x9045e18F895c94078487C8fD60D9b3Da49CC8516,true
181,2019-03-11 07:44:55 -0700 PDT,672h0m0s,20000000000000000000000,iotexlab,0x40Ae9CD1cf01B05eBDA2D3a089064496ecC523A2,false
182,2019-03-05 01:32:59 -0800 PST,672h0m0s,20000000000000000000000,iotexteam,0x40Ae9CD1cf01B05eBDA2D3a089064496ecC523A2,true
183,2019-03-12 03:03:57 -0700 PDT,672h0m0s,20000000000000000000000,iotexteam,0x40Ae9CD1cf01B05eBDA2D3a089064496ecC523A2,false
184,2019-03-05 01:33:55 -0800 PST,504h0m0s,20000000000000000000000,droute,0xE16d79BC05455fB4E3A56DEC88D1A338d6D6C354,true
185,2019-03-06 23:34:32 -0800 PST,840h0m0s,3750000000000000000000000,iotexmainnet,0x2274A5b842c967A6799CC3aAcB94961cfeD5e95e,false
187,2019-03-05 01:34:20 -0800 PST,672h0m0s,18000000000000000000000,keysiotex,0xE16d79BC05455fB4E3A56DEC88D1A338d6D6C354,true
188,2019-03-08 01:13:06 -0800 PST,672h0m0s,13755000000000000000000,iotexteam,0x40Ae9CD1cf01B05eBDA2D3a089064496ecC523A2,false
189,2019-03-06 06:57:49 -0800 PST,840h0m0s,16000000000000000000000,iotxplorerio,0x40210ab0A828c0282D7722D7284371f527E23b5D,false
190,2019-03-05 01:38:59 -0800 PST,8400h0m0s,2500000000000000000000,,0x9045e18F895c94078487C8fD60D9b3Da49CC8516,true
191,2019-03-07 11:13:57 -0800 PST,672h0m0s,10000000000000000000000,iotexlab,0x48d74c8Ff226Ce336aE3213A4DE36C5a1fB8959f,false
192,2019-03-05 01:41:31 -0800 PST,840h0m0s,10000000000000000000000,iosg,0x48d74c8Ff226Ce336aE3213A4DE36C5a1fB8959f,true
193,2019-03-05 01:45:32 -0800 PST,8400h0m0s,10000000000000000000000,,0x9045e18F895c94078487C8fD60D9b3Da49CC8516,true
194,2019-03-05 02:04:17 -0800 PST,8400h0m0s,1200000000000000000000000,iotexteam,0xA46F7eEb00D176841a6FD89Db2f16AD10390A5b6,true
195,2019-03-05 02:08:01 -0800 PST,840h0m0s,1000000000000000000000,lanhu,0xaBD866B6f116eDb5188f5a651A273ad8403DF0be,true
196,2019-03-05 02:08:16 -0800 PST,840h0m0s,1000000000000000000000,lanhu,0xaBD866B6f116eDb5188f5a651A273ad8403DF0be,true
197,2019-03-05 02:12:28 -0800 PST,840h0m0s,2000000000000000000000,lanhu,0xaBD866B6f116eDb5188f5a651A273ad8403DF0be,true
198,2019-03-05 02:13:43 -0800 PST,840h0m0s,2000000000000000000000,lanhu,0xaBD866B6f116eDb5188f5a651A273ad8403DF0be,true
199,2019-03-05 02:27:23 -0800 PST,1176h0m0s,2000000000000000000000,iotxplorerio,0xb4b4aebf8e6F1A46c331706ad544188E4975f6bb,true
200,2019-03-05 02:27:45 -0800 PST,1176h0m0s,2000000000000000000000,iotxplorerio,0xb4b4aebf8e6F1A46c331706ad544188E4975f6bb,true
201,2019-03-05 02:27:45 -0800 PST,1176h0m0s,2000000000000000000000,iotexlab,0xb4b4aebf8e6F1A46c331706ad544188E4975f6bb,true
202,2019-03-05 02:29:03 -0800 PST,672h0m0s,18907000000000000000000,iotexteam,0x219d4Eb4B62972862a6B38D130427aA92eaE1a69,true
203,2019-03-05 02:29:03 -0800 PST,672h0m0s,25000000000000000000000000,draperdragon,0x784d2760Ed41bFFd4E1747fF8E231200A6D01676,true
204,2019-03-11 15:54:13 -0700 PDT,2184h0m0s,39100000000000000000000,iotexlab,0x1A4c46cD43E75983dA194EBC89A1CBF92494880A,false
205,2019-03-05 02:36:30 -0800 PST,8400h0m0s,3872619000000000000000,coingecko,0x3efAC1D3c0F4522d47D3deb941a7747A891A12Ef,true
206,2019-03-05 02:54:27 -0800 PST,672h0m0s,25000000000000000000000,,0xdF6Df43709c264Ef5a7a1BC4d6C962472359A8E8,true
207,2019-03-07 13:18:30 -0800 PST,672h0m0s,57328888480560000000000,iotexlab,0xA7CE3aFb4Ca212C93d2B11F085e88D529bdd98C9,false
208,2019-03-05 03:13:14 -0800 PST,8400h0m0s,3000000000000000000000,yvalidator,0x3efAC1D3c0F4522d47D3deb941a7747A891A12Ef,true
209,2019-03-05 03:16:20 -0800 PST,1176h0m0s,2000000000000000000000,iotexlab,0xb4b4aebf8e6F1A46c331706ad544188E4975f6bb,true
210,2019-03-05 03:16:40 -0800 PST,1176h0m0s,1950000000000000000000,iotexlab,0xb4b4aebf8e6F1A46c331706ad544188E4975f6bb,true
211,2019-03-05 22:34:57 -0800 PST,672h0m0s,10000000000000000000000,iotexlab,0x28C37e5d235ace89FA63cD034d8F47E23Add2a82,false
212,2019-03-05 04:07:04 -0800 PST,672h0m0s,20047000000000000000000,coingecko,0xa63a0c8Af19ABAC42cD78052bA69D866035E4b0D,true
213,2019-03-05 04:12:10 -0800 PST,672h0m0s,25000000000000000000000,,0xdF6Df43709c264Ef5a7a1BC4d6C962472359A8E8,true
214,2019-03-05 04:15:15 -0800 PST,8400h0m0s,200000000000000000000000,keysiotex,0xe535379690Dc22Dec14C999E263951C4127B5ACD,true
215,2019-03-05 04:15:22 -0800 PST,840h0m0s,13500000000000000000000,iotxplorerio,0x48d74c8Ff226Ce336aE3213A4DE36C5a1fB8959f,true
216,2019-03-06 11:46:53 -0800 PST,840h0m0s,20000000000000000000000,iotxplorerio,0x89924e6Fa51DE8Fd01C045eE5551B98942439e98,false
217,2019-03-05 04:21:19 -0800 PST,8400h0m0s,400000000000000000000000,keysiotex,0xe535379690Dc22Dec14C999E263951C4127B5ACD,true
218,2019-03-06 11:47:23 -0800 PST,840h0m0s,13971003999990000000000,droute,0x89924e6Fa51DE8Fd01C045eE5551B98942439e98,false
219,2019-03-06 06:25:29 -0800 PST,672h0m0s,100000000000000000000000,iotexlab,0x6b132450C6988246cf60501f37CdF7eEd5d19176,false
220,2019-03-05 04:29:44 -0800 PST,8400h0m0s,600000000000000000000000,keysiotex,0xe535379690Dc22Dec14C999E263951C4127B5ACD,true
221,2019-03-05 04:32:13 -0800 PST,336h0m0s,976000000000000000000000,iotexlab,0xC9B7F801541f88aE2F62C4C0eED29949D057c951,true
222,2019-03-12 00:18:16 -0700 PDT,672h0m0s,3011000000000000000000,meter,0x39266cE8eF92ECa8a554C6040C943f5513D7F529,false
223,2019-03-13 01:55:30 -0700 PDT,8400h0m0s,1200000000000000000000000,longz,0x4309b22dfe0D062F54763E1A9aeC74A636fa3276,false
224,2019-03-05 04:56:43 -0800 PST,8400h0m0s,4940000000000000000000,coingecko,0x2DD5Da828D7235E500e7725294C72dFaA882dc58,true
225,2019-03-06 01:21:10 -0800 PST,672h0m0s,56974000000000000000000,iotexteam,0xa280781AF4D62eA1c48cC870355e6E84e899aa4B,false
226,2019-03-06 16:47:58 -0800 PST,8400h0m0s,35281000000000000000000,iotexlab,0x451248229712D6F207ff9466d8D3A33CB59d103c,false
227,2019-03-06 01:24:38 -0800 PST,0s,20000000000000000000000,iotexteam,0xa280781AF4D62eA1c48cC870355e6E84e899aa4B,false
228,2019-03-05 05:27:06 -0800 PST,672h0m0s,25000000000000000000000,,0xdF6Df43709c264Ef5a7a1BC4d6C962472359A8E8,true
229,2019-03-13 00:49:36 -0700 PDT,8400h0m0s,878167000000000000000000,longz,0x00Bb123DaeC7Ec40f1696A98Bfbc04f509291a62,false
230,2019-03-08 06:58:18 -0800 PST,672h0m0s,7510000000000000000000,gamefantasy,0x3F2Ad28636e59d9540c9552F4E17f44E8222Bf2F,false
231,2019-03-05 05:48:08 -0800 PST,672h0m0s,5024965906000000000000000,iosg,0x6750Ca12576181e4A6DD68bD058011afF6B92b67,true
232,2019-03-06 06:58:34 -0800 PST,672h0m0s,150242000000000000000000,iotexlab,0x40210ab0A828c0282D7722D7284371f527E23b5D,false
233,2019-03-06 06:43:31 -0800 PST,672h0m0s,500000000000000000000000,iotexlab,0x6b132450C6988246cf60501f37CdF7eEd5d19176,false
234,2019-03-05 06:25:47 -0800 PST,504h0m0s,19260000000000000000000,iosg,0x6416657FD0364c2E352dd74ed2EBbBFBC5a6129a,true
235,2019-03-13 01:55:50 -0700 PDT,8400h0m0s,93650000000000000000000,longz,0x4309b22dfe0D062F54763E1A9aeC74A636fa3276,false
236,2019-03-05 06:49:31 -0800 PST,6048h0m0s,1000000000000000000000000,iotexteam,0xA46F7eEb00D176841a6FD89Db2f16AD10390A5b6,true
237,2019-03-06 01:05:43 -0800 PST,1008h0m0s,500000000000000000000000,iotexteam,0xA46F7eEb00D176841a6FD89Db2f16AD10390A5b6,false
238,2019-03-06 01:06:52 -0800 PST,1344h0m0s,500000000000000000000000,iotexteam,0xA46F7eEb00D176841a6FD89Db2f16AD10390A5b6,false
239,2019-03-06 01:07:42 -0800 PST,1680h0m0s,500000000000000000000000,iotexteam,0xA46F7eEb00D176841a6FD89Db2f16AD10390A5b6,false
240,2019-03-06 01:07:42 -0800 PST,2016h0m0s,500000000000000000000000,iotexteam,0xA46F7eEb00D176841a6FD89Db2f16AD10390A5b6,false
241,2019-03-06 01:08:13 -0800 PST,2352h0m0s,500000000000000000000000,iotexteam,0xA46F7eEb00D176841a6FD89Db2f16AD10390A5b6,false
242,2019-03-05 07:17:57 -0800 PST,840h0m0s,34000000000000000000000,,0x7C0eeD74d4E818ddDF82bBbC378Cc3283502d87E,true
243,2019-03-06 01:08:25 -0800 PST,2688h0m0s,500000000000000000000000,iotexteam,0xA46F7eEb00D176841a6FD89Db2f16AD10390A5b6,false
244,2019-03-06 01:08:25 -0800 PST,3024h0m0s,535000000000000000000000,iotexteam,0xA46F7eEb00D176841a6FD89Db2f16AD10390A5b6,false
245,2019-03-05 07:34:25 -0800 PST,168h0m0s,70000000000000000000000,iotexteam,0x288E55B2F3AF18e051b3D4840c04B24C40867E32,true
246,2019-03-06 07:37:16 -0800 PST,672h0m0s,10000000000000000000000,iotexcore,0x2C349a5386a5b9DDC089df9132C494A2D7424E38,false
247,2019-03-05 07:48:10 -0800 PST,672h0m0s,100000000000000000000000,longz,0xD7937DCe70355056E141a790D3cfDC817180CCa1,true
248,2019-03-05 07:56:43 -0800 PST,1344h0m0s,21388600000000000000000,lanhu,0xD06a327019791647F302f9f1c85B28C3f30100DE,true
249,2019-03-05 07:58:43 -0800 PST,672h0m0s,1000000000000000000000000,hashbuy,0x653fBA50804DdA3aBF7B2189d70353A08e0fCF83,true
250,2019-03-05 08:07:41 -0800 PST,2520h0m0s,200000000000000000000000,,0xD57032BD1E0bDea54cE9599eC8c0D84FcDf156a2,true
251,2019-03-05 08:13:34 -0800 PST,1008h0m0s,200000000000000000000000,gamefantasy,0xD7937DCe70355056E141a790D3cfDC817180CCa1,true
252,2019-03-05 08:17:05 -0800 PST,672h0m0s,300000000000000000000000,iosg,0xD7937DCe70355056E141a790D3cfDC817180CCa1,true
253,2019-03-05 08:19:15 -0800 PST,672h0m0s,159348000000000000000000,iotxplorerio,0x09bCE8BFD6494AA41F99E3c0Ee29a4d6482abB7b,true
254,2019-03-05 08:42:35 -0800 PST,672h0m0s,1000000000000000000000,hashbuy,0x653fBA50804DdA3aBF7B2189d70353A08e0fCF83,true
255,2019-03-05 08:44:17 -0800 PST,672h0m0s,2000000000000000000000,hashbuy,0x653fBA50804DdA3aBF7B2189d70353A08e0fCF83,true
256,2019-03-06 04:29:38 -0800 PST,1008h0m0s,50000000000000000000000,iotexteam,0x28fdE3E0D03253F4A760b0fD745676eea5DD425f,false
257,2019-03-05 08:56:45 -0800 PST,8400h0m0s,1000000000000000000000,,0xfe7BCb3676aaBe9A6b39cB23F3a5FA41eED7Ad1b,true
258,2019-03-05 09:06:47 -0800 PST,336h0m0s,10000000000000000000000,iotexteam,0x385D1815223934B8ff68456152A8C6A31232BC67,true
259,2019-03-05 09:09:33 -0800 PST,8400h0m0s,10000000000000000000000,gamefantasy,0x63da398DB9e1aB187e4eC530Dd5716a68B0A743e,true
260,2019-03-07 12:39:58 -0800 PST,672h0m0s,10000000000000000000000,droute,0x21D628556b81025FFb543F4F3B6f346Da7c4330e,false
261,2019-03-08 12:02:47 -0800 PST,672h0m0s,10000000000000000000000,royalland,0xF45bcc026243109BEF4fb29170E53FCe61523dE8,false
262,2019-03-05 09:19:29 -0800 PST,8400h0m0s,1250000000000000000000000,airfoil,0x5f1817a6152Fabd616b4De41cC9b8feC9bD83232,true
263,2019-03-06 04:33:33 -0800 PST,1176h0m0s,89000000000000000000000,iotexteam,0x28fdE3E0D03253F4A760b0fD745676eea5DD425f,false
264,2019-03-05 09:27:15 -0800 PST,8400h0m0s,312000000000000000000,iotexteam,0x28fdE3E0D03253F4A760b0fD745676eea5DD425f,true
265,2019-03-05 09:30:03 -0800 PST,840h0m0s,10750000000000000000000000,airfoil,0x5f1817a6152Fabd616b4De41cC9b8feC9bD83232,true
266,2019-03-07 13:05:47 -0800 PST,2352h0m0s,190000000000000000000000,droute,0x21D628556b81025FFb543F4F3B6f346Da7c4330e,false
267,2019-03-05 09:34:15 -0800 PST,840h0m0s,1299999000000000000000000,iotexlab,0x9c972D06EcEee9DC08e2d295742D2045F8e54Fa2,true
268,2019-03-05 09:36:54 -0800 PST,1344h0m0s,12330600000000000000000,iotexteam,0x385D1815223934B8ff68456152A8C6A31232BC67,true
269,2019-03-07 13:07:38 -0800 PST,2352h0m0s,150000000000000000000000,iosg,0x21D628556b81025FFb543F4F3B6f346Da7c4330e,false
270,2019-03-05 09:40:59 -0800 PST,672h0m0s,299290000000000000000000,iotxplorerio,0xC6Cb0f6037cC2E17dDBb975289C8a02Deb2b800f,true
271,2019-03-05 09:41:48 -0800 PST,672h0m0s,10000000000000000000000,iotexlab,0x385D1815223934B8ff68456152A8C6A31232BC67,true
272,2019-03-07 13:10:17 -0800 PST,5712h0m0s,150000000000000000000000,droute,0x21D628556b81025FFb543F4F3B6f346Da7c4330e,false
273,2019-03-05 20:40:35 -0800 PST,672h0m0s,30000000000000000000000,,0x7a28Cd9Bc995d52f944fA0cE82CDb3Fd0bE8Bb38,false
274,2019-03-05 20:41:37 -0800 PST,672h0m0s,30000000000000000000000,,0x7a28Cd9Bc995d52f944fA0cE82CDb3Fd0bE8Bb38,false
275,2019-03-05 10:02:04 -0800 PST,168h0m0s,100000000000000000000,,0xfe7BCb3676aaBe9A6b39cB23F3a5FA41eED7Ad1b,true
276,2019-03-05 10:04:07 -0800 PST,6720h0m0s,50000000000000000000000,iotexteam,0x0E2c363690707A129CC693af6385a8AAEce31433,true
277,2019-03-05 10:16:00 -0800 PST,1008h0m0s,6000000000000000000000,iotexteam,0x0E2c363690707A129CC693af6385a8AAEce31433,true
278,2019-03-06 11:47:47 -0800 PST,840h0m0s,17000000000000000000000,droute,0x89924e6Fa51DE8Fd01C045eE5551B98942439e98,false
279,2019-03-06 11:48:02 -0800 PST,840h0m0s,18454015000000000000000,droute,0x89924e6Fa51DE8Fd01C045eE5551B98942439e98,false
280,2019-03-05 10:41:15 -0800 PST,8400h0m0s,314112451000000000000000,,0x340c16903E60EeD46c9BEca9a6ba21846aa0f564,true
281,2019-03-05 10:49:23 -0800 PST,4368h0m0s,47663000000000000000000,coingecko,0x4282641fe3E37B67cD4E0317BE7460Da7F98D36F,true
282,2019-03-12 12:35:50 -0700 PDT,840h0m0s,20000000000000000000000,whales,0x2d34bd066E6D105B847139EB97eAacAcDfF9C9cC,false
283,2019-03-12 12:36:23 -0700 PDT,840h0m0s,20000000000000000000000,airfoil,0x2d34bd066E6D105B847139EB97eAacAcDfF9C9cC,false
284,2019-03-12 12:36:33 -0700 PDT,840h0m0s,20000000000000000000000,iotxplorerio,0x2d34bd066E6D105B847139EB97eAacAcDfF9C9cC,false
285,2019-03-12 12:37:47 -0700 PDT,840h0m0s,20000000000000000000000,iotxplorerio,0x2d34bd066E6D105B847139EB97eAacAcDfF9C9cC,false
286,2019-03-12 12:37:47 -0700 PDT,840h0m0s,20000000000000000000000,iotxplorerio,0x2d34bd066E6D105B847139EB97eAacAcDfF9C9cC,false
287,2019-03-05 21:39:12 -0800 PST,840h0m0s,10000000000000000000000,,0x238d3295796b090918c3dec15860FF840b66F499,false
288,2019-03-05 21:20:46 -0800 PST,840h0m0s,90000000000000000000000,,0x238d3295796b090918c3dec15860FF840b66F499,false
289,2019-03-05 21:08:42 -0800 PST,8400h0m0s,767654184500000000000000,coingecko,0xfCfE4380A6592aBb74aB7A3d270f87acaAfe118d,false
290,2019-03-05 11:52:53 -0800 PST,1176h0m0s,100000000000000000000000,,0xcA615AaAe9B42Fc87d8B1014F1191b28953A2304,true
291,2019-03-05 12:01:43 -0800 PST,1176h0m0s,100000000000000000000000,,0x5Ed6A60547ea42A63637A14f37fDdcd4251F931a,true
292,2019-03-05 12:16:53 -0800 PST,840h0m0s,2771000000000000000000,slowmist,0x00455Ec9274A8BCaA261A80D43d46E501E35aFE9,true
293,2019-03-12 11:58:06 -0700 PDT,840h0m0s,20000000000000000000000,iotexgeeks,0x2d34bd066E6D105B847139EB97eAacAcDfF9C9cC,false
294,2019-03-12 12:03:42 -0700 PDT,840h0m0s,20000000000000000000000,airfoil,0x2d34bd066E6D105B847139EB97eAacAcDfF9C9cC,false
295,2019-03-12 12:04:02 -0700 PDT,840h0m0s,20000000000000000000000,airfoil,0x2d34bd066E6D105B847139EB97eAacAcDfF9C9cC,false
296,2019-03-12 12:04:02 -0700 PDT,840h0m0s,20000000000000000000000,airfoil,0x2d34bd066E6D105B847139EB97eAacAcDfF9C9cC,false
297,2019-03-05 23:31:10 -0800 PST,8400h0m0s,408648447000000000000000,iotexteam,0xD64C7CA44DF940e9D8751C8B9939c7Fe2792bB83,true
298,2019-03-05 13:16:05 -0800 PST,840h0m0s,100000000000000000000000,iosg,0xdac87d1fF2E89ee17C45A2e8Dc43F3DDfEd936E8,true
299,2019-03-05 13:32:15 -0800 PST,840h0m0s,1250000000000000000000,,0x84Aaa370C3401B87a07Ed5B6E880916560F112E4,true
300,2019-03-05 14:02:44 -0800 PST,1008h0m0s,20000000000000000000000,royalland,0x78Ffa27D122043874DBE879B7173180FeD3ccf1D,true
301,2019-03-05 14:05:01 -0800 PST,8400h0m0s,25404600000000000000000,yvalidator,0x1B7C6B93bE3D78C1ab88D8231481f91C2462A0e3,true
302,2019-03-05 14:11:46 -0800 PST,5376h0m0s,12000000000000000000000,droute,0x3383f3e96E368c4bBC026516D8103597921aF3B3,true
303,2019-03-05 14:14:25 -0800 PST,5712h0m0s,50000000000000000000000,gamefantasy,0x78Ffa27D122043874DBE879B7173180FeD3ccf1D,true
304,2019-03-05 14:17:42 -0800 PST,840h0m0s,900000000000000000000000,iotexlab,0xdac87d1fF2E89ee17C45A2e8Dc43F3DDfEd936E8,true
305,2019-03-05 14:17:49 -0800 PST,2352h0m0s,20000000000000000000000,eon,0x78Ffa27D122043874DBE879B7173180FeD3ccf1D,true
306,2019-03-05 14:20:42 -0800 PST,672h0m0s,23903951000000000000000,infstones,0x78Ffa27D122043874DBE879B7173180FeD3ccf1D,true
307,2019-03-05 14:23:23 -0800 PST,672h0m0s,1000000000000000000000000,hashbuy,0x653fBA50804DdA3aBF7B2189d70353A08e0fCF83,true
308,2019-03-05 14:25:20 -0800 PST,672h0m0s,1000000000000000000000000,hashbuy,0x653fBA50804DdA3aBF7B2189d70353A08e0fCF83,true
309,2019-03-05 14:26:56 -0800 PST,672h0m0s,2000000000000000000000000,hashbuy,0x653fBA50804DdA3aBF7B2189d70353A08e0fCF83,true
310,2019-03-05 14:30:39 -0800 PST,672h0m0s,1000000000000000000000000,,0x653fBA50804DdA3aBF7B2189d70353A08e0fCF83,true
311,2019-03-12 02:43:23 -0700 PDT,4368h0m0s,12996137000000000000000,iotexteam,0x74eA16803a420642E158087D9cBCD6EAB6Be20Eb,false
312,2019-03-05 14:58:25 -0800 PST,1680h0m0s,20000000000000000000000,,0x652f94FA3E343F30f1B8d54bBF2a8d94E7c29b42,true
313,2019-03-06 16:14:32 -0800 PST,840h0m0s,100000000000000000000,raketat8,0x2Ed3767CfCBCEb42ff5F3642d4DF6f851B947073,true
314,2019-03-06 06:44:07 -0800 PST,8400h0m0s,1200000000000000000000000,metanyx,0x2e0491B4925EBC82Af97DEf12B72Ead940613293,false
315,2019-03-05 15:13:09 -0800 PST,1680h0m0s,20000000000000000000000,,0x652f94FA3E343F30f1B8d54bBF2a8d94E7c29b42,false
316,2019-03-13 11:58:11 -0700 PDT,336h0m0s,100000000000000000000000,iotexlab,0x1792A0c61927E6FB130a69534175BDCd52E804a2,false
317,2019-03-06 09:21:37 -0800 PST,840h0m0s,85000000000000000000000,iotexlab,0x31eACaA2118C283cE66911d94B2363694831fE6B,false
318,2019-03-05 15:40:59 -0800 PST,840h0m0s,50116500000000000000000,,0x6D5adD8f7863631c891F4F676c96662C6E737D1B,false
319,2019-03-05 16:41:54 -0800 PST,840h0m0s,12900000000000000000000,,0x7284b6A4233B8B05910F2CbF7dBf6715325F6fCb,false
320,2019-03-05 16:48:31 -0800 PST,2016h0m0s,1200000000000000000000000,blockboost,0x224924Ad8fA3cd10E359cC6368E50A8FdA2d9C33,false
321,2019-03-05 17:33:14 -0800 PST,1344h0m0s,2400000000000000000000000,infstones,0x83237bA2B7D0Bf23090196FcCbfb2Be1eF21580D,false
322,2019-03-05 17:58:59 -0800 PST,8400h0m0s,55500000000000000000000,,0x8FC32f2ab3de2a24544D6C3b7A9D6C6Ef6e6561C,false
323,2019-03-05 18:41:48 -0800 PST,672h0m0s,12000000000000000000000,iotexunion,0xA15D4f7a9272c178aFA468cA9a0779bC76C37B9e,false
324,2019-03-06 20:28:12 -0800 PST,672h0m0s,1000000000000000000000000,cpc,0x3fD024F1DF71C0d375546d3A5F92DEbbeE6Be437,true
325,2019-03-05 19:05:10 -0800 PST,0s,2600000000000000000000000,,0x653fBA50804DdA3aBF7B2189d70353A08e0fCF83,true
327,2019-03-06 19:17:20 -0800 PST,2016h0m0s,1000000000000000000000000,zhcapital,0x2990968B2f60fB5116544850FC7C730638Ad7827,false
328,2019-03-13 10:13:33 -0700 PDT,2016h0m0s,600000000000000000000000,infstones,0x6682f5a2dCaB39Bc8526348baDE44BEB41F27eEC,false
330,2019-03-05 19:22:04 -0800 PST,0s,100000000000000000000000,,0x828f5Ac8B268c90642a3E980b51aCA0448324AFE,true
331,2019-03-05 19:38:42 -0800 PST,8400h0m0s,15000000000000000000000,iotexteam,0xed3544a6f75bE55A4e6374b924aD1bfA6eDe95A9,false
332,2019-03-05 19:39:47 -0800 PST,672h0m0s,40000000000000000000000,,0x7a28Cd9Bc995d52f944fA0cE82CDb3Fd0bE8Bb38,false
333,2019-03-05 19:40:18 -0800 PST,672h0m0s,23305000000000000000000,,0xa033340c15D9698266aEB774C1Eb18053872f4AE,false
334,2019-03-05 19:40:18 -0800 PST,672h0m0s,39957000000000000000000,,0x7a28Cd9Bc995d52f944fA0cE82CDb3Fd0bE8Bb38,false
335,2019-03-05 20:04:17 -0800 PST,8400h0m0s,15000000000000000000000,iosg,0xed3544a6f75bE55A4e6374b924aD1bfA6eDe95A9,false
336,2019-03-05 20:09:40 -0800 PST,1008h0m0s,23257925000000000000000,iotexlab,0xed3544a6f75bE55A4e6374b924aD1bfA6eDe95A9,false
337,2019-03-05 20:19:08 -0800 PST,672h0m0s,2000000000000000000000000,,0xBc825E9E031c21356b2006e52E9C77EB280f76DF,false
338,2019-03-05 20:19:37 -0800 PST,2352h0m0s,2000000000000000000000000,whales,0xD924eBdC3Ff41f894F97C1fD6e96c9FC76336E50,false
339,2019-03-05 20:19:37 -0800 PST,8400h0m0s,10300000000000000000000,,0xFA62d744BEf7910b93A70Bf58A4F01a14dBeDd65,false
340,2019-03-05 20:25:31 -0800 PST,672h0m0s,2600000000000000000000000,hashbuy,0xa7b5400973EE73d360F4aDC88a011D7Be388FD64,false
341,2019-03-05 20:26:15 -0800 PST,672h0m0s,2000000000000000000000000,,0x4EfE32eCd78036d1F9b8fCA8cCcE7Ab973B4db52,false
342,2019-03-12 01:47:26 -0700 PDT,2184h0m0s,1600000000000000000000000,royalland,0x9bcAcbff4562fCE61aFf58e265beaB8e1c5B3405,true
343,2019-03-05 20:27:59 -0800 PST,672h0m0s,940000000000000000000000,royalland,0x911C19846fD8197fA033395A3e3dEcD11368C333,false
344,2019-03-05 20:28:49 -0800 PST,672h0m0s,1060000000000000000000000,royalland,0x5102D0A855Bf5F0e72c06B311516c53e8e6D638A,false